id,name,department,city,status,priority,amount,quantity,active,hire_date,email,website,tags,score,notes
1,徐敏,市场,杭州,processing,P1,73673.47,346,true,2023-04-24,user1@test.cn,https://example.com/u/1,csv,9.4,日常验收样例第 1 行，用于排序/过滤/查找
2,刘丽磊,人力,杭州,blocked,P2,80962.09,3,true,2023-11-30,user2@test.cn,https://example.com/u/2,"chunk,sort",21.5,日常验收样例第 2 行，用于排序/过滤/查找
3,马军,人力,上海,done,P2,60412.22,413,true,2024-02-03,user3@test.cn,https://example.com/u/3,"filter,edit,bug",55.2,日常验收样例第 3 行，用于排序/过滤/查找
4,朱杰娜,工程,杭州,done,P0,85546.23,443,true,2022-02-17,user4@test.cn,https://example.com/u/4,"export,sort",37.0,日常验收样例第 4 行，用于排序/过滤/查找
5,刘艳娜,设计,苏州,processing,P1,46279.79,138,true,2023-11-03,user5@test.cn,https://example.com/u/5,search,82.2,日常验收样例第 5 行，用于排序/过滤/查找
6,马军,产品,杭州,cancelled,P2,21341.39,255,false,2024-12-16,user6@demo.io,https://example.com/u/6,"sort,chunk",14.0,日常验收样例第 6 行，用于排序/过滤/查找
7,孙艳明,人力,广州,processing,P1,51001.67,46,true,2024-10-29,user7@example.com,https://example.com/u/7,sort,79.2,日常验收样例第 7 行，用于排序/过滤/查找
8,赵娜,客服,苏州,done,P0,68060.31,58,false,2024-04-23,user8@demo.io,https://example.com/u/8,"filter,chunk",43.5,日常验收样例第 8 行，用于排序/过滤/查找
9,黄伟艳,设计,苏州,open,P2,84182.76,259,true,2020-11-09,user9@test.cn,https://example.com/u/9,perf,95.3,日常验收样例第 9 行，用于排序/过滤/查找
10,胡丽军,客服,北京,open,P2,87884.31,425,false,2021-05-05,user10@example.com,https://example.com/u/10,bug,94.7,日常验收样例第 10 行，用于排序/过滤/查找
11,李秀英静,设计,西安,cancelled,P1,26579.15,446,false,2025-05-29,user11@example.com,https://example.com/u/11,"search,chunk,edit",99.5,日常验收样例第 11 行，用于排序/过滤/查找
12,徐杰,客服,上海,processing,P1,6496.19,10,true,2023-04-20,user12@example.com,https://example.com/u/12,filter,70.8,日常验收样例第 12 行，用于排序/过滤/查找
13,张洋,工程,广州,open,P1,27919.88,248,true,2023-01-09,user13@example.com,https://example.com/u/13,"bug,ux,search",78.5,
14,马明,产品,武汉,done,P3,41169.11,442,true,2023-10-11,user14@demo.io,https://example.com/u/14,"filter,csv,edit",72.8,日常验收样例第 14 行，用于排序/过滤/查找
15,马敏,运营,苏州,blocked,P1,42245.97,142,false,2021-05-26,user15@example.com,https://example.com/u/15,"perf,filter",5.1,日常验收样例第 15 行，用于排序/过滤/查找
16,周伟洋,设计,武汉,blocked,P3,21453.35,205,true,2020-12-03,user16@test.cn,https://example.com/u/16,edit,26.5,日常验收样例第 16 行，用于排序/过滤/查找
17,马超,客服,深圳,processing,P2,21848.32,29,true,2024-03-11,user17@test.cn,https://example.com/u/17,csv,58.4,emoji 测试 🚀 行=17
18,周丽,产品,深圳,open,P0,67553.73,120,false,2020-09-02,user18@demo.io,https://example.com/u/18,bug,59.5,日常验收样例第 18 行，用于排序/过滤/查找
19,吴娜,财务,成都,processing,P2,23944.72,202,true,2023-10-07,user19@demo.io,https://example.com/u/19,"ux,export",92.9,日常验收样例第 19 行，用于排序/过滤/查找
20,胡娜,产品,上海,cancelled,P1,50637.88,67,false,2024-12-09,user20@example.com,https://example.com/u/20,export,28.5,"含逗号, 引号""""与换行
第20行备注"
21,黄勇丽,工程,苏州,done,P0,93899.1,68,false,2020-08-24,user21@example.com,https://example.com/u/21,"perf,sort,chunk",28.2,日常验收样例第 21 行，用于排序/过滤/查找
22,刘军,市场,苏州,blocked,P2,90543.11,433,true,2020-07-08,user22@demo.io,https://example.com/u/22,"chunk,csv",0.4,日常验收样例第 22 行，用于排序/过滤/查找
23,马静艳,设计,西安,cancelled,P3,,57,true,2025-04-19,user23@demo.io,https://example.com/u/23,perf,3.6,日常验收样例第 23 行，用于排序/过滤/查找
24,杨静,工程,成都,done,P0,89902.56,107,true,2023-09-27,user24@example.com,https://example.com/u/24,"perf,edit",97.4,日常验收样例第 24 行，用于排序/过滤/查找
25,孙静洋,设计,深圳,blocked,P0,18018.13,473,false,2024-05-21,user25@test.cn,https://example.com/u/25,"search,chunk,sort",78.7,日常验收样例第 25 行，用于排序/过滤/查找
26,李涛秀英,运营,杭州,blocked,P2,30588.56,407,true,2021-04-01,user26@example.com,https://example.com/u/26,"search,edit,export",27.9,
27,李艳,人力,苏州,done,P0,11622.64,496,false,2020-12-31,user27@demo.io,https://example.com/u/27,"csv,filter",59.7,日常验收样例第 27 行，用于排序/过滤/查找
28,杨军,产品,武汉,cancelled,P1,25546.78,362,false,2020-01-04,user28@demo.io,https://example.com/u/28,"search,export,edit",7.0,日常验收样例第 28 行，用于排序/过滤/查找
29,徐军敏,市场,,done,P3,32685.67,356,false,2023-02-09,user29@example.com,https://example.com/u/29,edit,66.5,日常验收样例第 29 行，用于排序/过滤/查找
30,赵强勇,人力,苏州,open,P2,28762.68,220,false,2022-08-10,user30@test.cn,https://example.com/u/30,"search,perf",47.3,日常验收样例第 30 行，用于排序/过滤/查找
31,,财务,上海,processing,P2,22541.6,101,true,2020-02-20,user31@example.com,https://example.com/u/31,ux,61.1,日常验收样例第 31 行，用于排序/过滤/查找
32,马娜,运营,武汉,blocked,P3,24474.04,335,true,2025-01-02,user32@example.com,https://example.com/u/32,"search,sort",80.4,日常验收样例第 32 行，用于排序/过滤/查找
33,孙丽,运营,上海,blocked,P1,80161.51,341,false,2025-04-29,user33@test.cn,https://example.com/u/33,"perf,edit,ux",89.7,日常验收样例第 33 行，用于排序/过滤/查找
34,孙秀英,运营,成都,cancelled,P3,62712.16,140,false,2020-06-07,user34@demo.io,https://example.com/u/34,"search,chunk",33.6,emoji 测试 🚀 行=34
35,胡娜,运营,武汉,processing,P1,6516.46,208,false,2023-01-16,user35@test.cn,https://example.com/u/35,"csv,search",83.3,日常验收样例第 35 行，用于排序/过滤/查找
36,赵伟涛,客服,北京,done,P2,75372.16,436,false,2023-01-07,user36@demo.io,https://example.com/u/36,"perf,search,ux",21.9,日常验收样例第 36 行，用于排序/过滤/查找
37,赵秀英,财务,武汉,processing,P3,91962.2,318,true,2025-01-31,user37@test.cn,https://example.com/u/37,"bug,csv,filter",64.3,日常验收样例第 37 行，用于排序/过滤/查找
38,王超,市场,武汉,done,P1,45524.46,172,false,2021-07-23,user38@test.cn,https://example.com/u/38,"filter,ux",1.9,日常验收样例第 38 行，用于排序/过滤/查找
39,周芳杰,运营,上海,open,P0,94966.2,102,true,2023-06-26,user39@example.com,https://example.com/u/39,sort,47.4,
40,李磊,市场,广州,processing,P0,77801.4,83,false,2020-08-09,user40@demo.io,https://example.com/u/40,chunk,57.6,"含逗号, 引号""""与换行
第40行备注"
41,胡涛,运营,上海,cancelled,P1,10279.94,395,false,2024-10-07,user41@demo.io,https://example.com/u/41,"filter,csv,export",53.3,日常验收样例第 41 行，用于排序/过滤/查找
42,徐杰,财务,北京,blocked,P3,10643.33,491,false,2023-07-25,user42@test.cn,https://example.com/u/42,"sort,edit,bug",73.4,日常验收样例第 42 行，用于排序/过滤/查找
43,徐艳秀英,客服,武汉,cancelled,P2,32298.22,125,true,2021-07-25,user43@test.cn,https://example.com/u/43,ux,57.0,日常验收样例第 43 行，用于排序/过滤/查找
44,徐涛,客服,广州,processing,P3,21290.77,408,false,2021-11-28,user44@test.cn,https://example.com/u/44,"chunk,perf,csv",51.7,日常验收样例第 44 行，用于排序/过滤/查找
45,刘娜,人力,西安,cancelled,P1,69091.87,330,false,2022-07-06,user45@example.com,https://example.com/u/45,chunk,22.2,日常验收样例第 45 行，用于排序/过滤/查找
46,孙洋,财务,西安,cancelled,P2,,381,false,2021-12-21,user46@demo.io,https://example.com/u/46,"chunk,bug",25.1,日常验收样例第 46 行，用于排序/过滤/查找
47,李磊,设计,杭州,processing,P3,27722.31,301,false,2020-07-24,user47@example.com,https://example.com/u/47,"search,export",17.9,日常验收样例第 47 行，用于排序/过滤/查找
48,张静,工程,苏州,done,P1,63823.17,385,false,2020-07-29,user48@example.com,https://example.com/u/48,"chunk,ux,perf",44.0,日常验收样例第 48 行，用于排序/过滤/查找
49,王芳,客服,上海,open,P3,49225.48,295,true,2020-11-06,user49@example.com,https://example.com/u/49,"chunk,filter,search",11.8,日常验收样例第 49 行，用于排序/过滤/查找
50,马明洋,人力,西安,blocked,P2,86030.64,219,false,2023-03-10,user50@demo.io,https://example.com/u/50,bug,96.0,日常验收样例第 50 行，用于排序/过滤/查找
51,李磊艳,产品,深圳,processing,P1,55244.02,80,true,2022-04-16,user51@test.cn,https://example.com/u/51,"bug,ux,chunk",3.3,emoji 测试 🚀 行=51
52,陈勇超,产品,杭州,done,P1,42571.38,278,true,2023-08-19,user52@example.com,https://example.com/u/52,"sort,filter",6.0,
53,马勇勇,客服,上海,blocked,P2,70003.39,482,false,2022-10-21,user53@demo.io,https://example.com/u/53,"ux,filter",59.8,日常验收样例第 53 行，用于排序/过滤/查找
54,胡明艳,工程,上海,processing,P0,99957.27,344,false,2023-03-26,user54@example.com,https://example.com/u/54,ux,51.9,日常验收样例第 54 行，用于排序/过滤/查找
55,黄艳,人力,西安,open,P3,34861.31,170,false,2023-10-04,user55@example.com,https://example.com/u/55,export,41.2,日常验收样例第 55 行，用于排序/过滤/查找
56,黄勇涛,工程,西安,open,P2,25314.64,59,false,2024-11-06,user56@demo.io,https://example.com/u/56,perf,46.2,日常验收样例第 56 行，用于排序/过滤/查找
57,张磊秀英,客服,北京,processing,P2,54967.04,474,false,2022-06-16,user57@demo.io,https://example.com/u/57,"filter,csv",97.3,日常验收样例第 57 行，用于排序/过滤/查找
58,吴洋勇,工程,,blocked,P0,22547.59,430,true,2022-08-03,user58@example.com,https://example.com/u/58,"sort,ux,chunk",50.9,日常验收样例第 58 行，用于排序/过滤/查找
59,陈明秀英,运营,西安,cancelled,P1,38420.24,471,true,2024-11-04,user59@example.com,https://example.com/u/59,"edit,export",93.4,日常验收样例第 59 行，用于排序/过滤/查找
60,周艳勇,市场,南京,cancelled,P3,86539.52,228,false,2021-12-07,user60@test.cn,https://example.com/u/60,"perf,edit,ux",93.3,"含逗号, 引号""""与换行
第60行备注"
61,朱磊洋,人力,杭州,blocked,P0,31885.81,242,false,2022-03-01,user61@demo.io,https://example.com/u/61,"sort,ux,csv",12.6,日常验收样例第 61 行，用于排序/过滤/查找
62,,产品,苏州,blocked,P0,72272.13,209,true,2020-06-02,user62@test.cn,https://example.com/u/62,"export,edit",65.0,日常验收样例第 62 行，用于排序/过滤/查找
63,朱军涛,财务,西安,cancelled,P0,61784.19,120,false,2021-04-10,user63@demo.io,https://example.com/u/63,edit,97.8,日常验收样例第 63 行，用于排序/过滤/查找
64,马敏,市场,北京,open,P2,79634.72,150,false,2022-02-06,user64@test.cn,https://example.com/u/64,search,53.1,日常验收样例第 64 行，用于排序/过滤/查找
65,吴强,产品,南京,blocked,P1,49816.95,298,true,2021-04-20,user65@test.cn,https://example.com/u/65,"chunk,ux,bug",66.7,
66,胡超强,产品,西安,done,P2,63929.97,217,false,2022-07-24,user66@test.cn,https://example.com/u/66,edit,85.3,日常验收样例第 66 行，用于排序/过滤/查找
67,李洋,财务,南京,done,P2,2291.77,424,false,2021-07-16,user67@example.com,https://example.com/u/67,"csv,ux,chunk",77.6,日常验收样例第 67 行，用于排序/过滤/查找
68,刘杰,运营,南京,done,P1,62861.98,462,true,2021-09-24,user68@test.cn,https://example.com/u/68,bug,36.5,emoji 测试 🚀 行=68
69,王娜军,人力,深圳,processing,P1,,448,false,2022-12-23,user69@demo.io,https://example.com/u/69,"sort,chunk",91.4,日常验收样例第 69 行，用于排序/过滤/查找
70,黄勇军,产品,西安,open,P1,75439.73,115,false,2025-06-03,user70@demo.io,https://example.com/u/70,"filter,edit",1.4,日常验收样例第 70 行，用于排序/过滤/查找
71,周敏,市场,南京,blocked,P2,10923.77,119,false,2020-02-21,user71@demo.io,https://example.com/u/71,"export,search,filter",63.5,日常验收样例第 71 行，用于排序/过滤/查找
72,黄勇敏,设计,北京,open,P2,99593.13,59,true,2021-04-25,user72@demo.io,https://example.com/u/72,edit,45.4,日常验收样例第 72 行，用于排序/过滤/查找
73,徐明静,人力,上海,blocked,P3,93911.39,143,true,2023-11-14,user73@test.cn,https://example.com/u/73,ux,44.5,日常验收样例第 73 行，用于排序/过滤/查找
74,刘杰,财务,苏州,done,P0,39874.15,97,true,2025-04-27,user74@test.cn,https://example.com/u/74,search,64.2,日常验收样例第 74 行，用于排序/过滤/查找
75,吴伟,财务,杭州,processing,P1,6954.15,391,true,2023-04-15,user75@example.com,https://example.com/u/75,export,77.4,日常验收样例第 75 行，用于排序/过滤/查找
76,马伟,设计,深圳,cancelled,P2,79871.52,56,true,2020-09-26,user76@example.com,https://example.com/u/76,"search,export",1.6,日常验收样例第 76 行，用于排序/过滤/查找
77,陈芳,人力,苏州,open,P0,47676.97,398,false,2022-11-17,user77@demo.io,https://example.com/u/77,ux,50.4,日常验收样例第 77 行，用于排序/过滤/查找
78,吴芳丽,市场,西安,open,P0,99858.81,433,false,2022-05-23,user78@demo.io,https://example.com/u/78,ux,71.2,
79,黄娜军,设计,上海,processing,P2,62469.31,299,false,2022-02-19,user79@demo.io,https://example.com/u/79,"chunk,ux,edit",9.9,日常验收样例第 79 行，用于排序/过滤/查找
80,孙敏磊,人力,西安,processing,P3,33959.27,232,false,2022-05-01,user80@demo.io,https://example.com/u/80,export,42.7,"含逗号, 引号""""与换行
第80行备注"
81,徐艳,设计,西安,open,P0,83194.0,47,false,2020-07-16,user81@demo.io,https://example.com/u/81,"export,sort,csv",58.6,日常验收样例第 81 行，用于排序/过滤/查找
82,周军明,财务,武汉,open,P2,60080.96,180,true,2023-03-29,user82@demo.io,https://example.com/u/82,sort,65.7,日常验收样例第 82 行，用于排序/过滤/查找
83,刘敏,财务,上海,done,P1,80741.41,432,true,2023-06-01,user83@demo.io,https://example.com/u/83,"chunk,csv,sort",27.3,日常验收样例第 83 行，用于排序/过滤/查找
84,马勇杰,工程,深圳,processing,P3,7051.58,379,true,2020-07-06,user84@demo.io,https://example.com/u/84,"search,edit,perf",45.4,日常验收样例第 84 行，用于排序/过滤/查找
85,王杰,财务,南京,cancelled,P0,88345.88,79,true,2024-03-25,user85@demo.io,https://example.com/u/85,filter,27.2,emoji 测试 🚀 行=85
86,徐明,客服,武汉,done,P1,75518.81,58,false,2022-05-30,user86@example.com,https://example.com/u/86,"bug,ux",52.7,日常验收样例第 86 行，用于排序/过滤/查找
87,陈芳,工程,,processing,P2,94537.87,392,true,2024-04-14,user87@test.cn,https://example.com/u/87,"export,filter",0.8,日常验收样例第 87 行，用于排序/过滤/查找
88,孙明,人力,苏州,processing,P2,7300.34,441,true,2022-06-12,user88@example.com,https://example.com/u/88,"filter,export",57.6,日常验收样例第 88 行，用于排序/过滤/查找
89,吴涛明,市场,上海,blocked,P0,96623.34,87,false,2024-08-30,user89@demo.io,https://example.com/u/89,"filter,edit",84.4,日常验收样例第 89 行，用于排序/过滤/查找
90,刘明丽,产品,武汉,done,P2,22235.05,398,true,2020-06-05,user90@demo.io,https://example.com/u/90,"filter,perf,search",90.6,日常验收样例第 90 行，用于排序/过滤/查找
91,杨杰静,运营,上海,processing,P2,19807.45,308,true,2024-04-05,user91@demo.io,https://example.com/u/91,sort,95.1,
92,徐秀英,客服,南京,cancelled,P2,,321,false,2020-11-05,user92@test.cn,https://example.com/u/92,ux,44.2,日常验收样例第 92 行，用于排序/过滤/查找
93,,产品,成都,blocked,P3,3856.96,188,false,2020-06-06,user93@demo.io,https://example.com/u/93,bug,59.4,日常验收样例第 93 行，用于排序/过滤/查找
94,赵超芳,客服,南京,processing,P2,60540.08,256,true,2025-05-15,user94@example.com,https://example.com/u/94,"filter,export",98.2,日常验收样例第 94 行，用于排序/过滤/查找
95,李丽芳,运营,西安,blocked,P1,36453.4,469,false,2022-03-04,user95@test.cn,https://example.com/u/95,"bug,csv",78.9,日常验收样例第 95 行，用于排序/过滤/查找
96,徐军,产品,苏州,blocked,P2,25274.38,436,true,2021-11-13,user96@example.com,https://example.com/u/96,"sort,export,chunk",96.8,日常验收样例第 96 行，用于排序/过滤/查找
97,孙涛,产品,成都,cancelled,P3,64384.97,168,true,2023-10-04,user97@demo.io,https://example.com/u/97,"perf,filter,edit",50.8,日常验收样例第 97 行，用于排序/过滤/查找
98,张杰,运营,广州,blocked,P1,22731.65,70,true,2020-06-07,user98@test.cn,https://example.com/u/98,perf,77.1,日常验收样例第 98 行，用于排序/过滤/查找
99,朱丽,财务,南京,processing,P3,15509.85,92,true,2024-01-16,user99@test.cn,https://example.com/u/99,edit,36.4,日常验收样例第 99 行，用于排序/过滤/查找
100,孙洋勇,客服,杭州,cancelled,P1,31015.84,414,false,2025-01-25,user100@example.com,https://example.com/u/100,"bug,ux",46.2,"含逗号, 引号""""与换行
第100行备注"
101,陈涛明,设计,杭州,cancelled,P1,87312.88,26,false,2024-11-25,user101@test.cn,https://example.com/u/101,"filter,perf,bug",28.5,日常验收样例第 101 行，用于排序/过滤/查找
102,马强,设计,武汉,open,P1,81688.65,452,false,2025-03-20,user102@example.com,https://example.com/u/102,"csv,edit",50.2,emoji 测试 🚀 行=102
103,刘涛杰,运营,北京,done,P0,83933.7,332,false,2024-06-08,user103@example.com,https://example.com/u/103,csv,28.7,日常验收样例第 103 行，用于排序/过滤/查找
104,朱秀英静,客服,西安,cancelled,P0,90595.15,9,false,2021-03-17,user104@example.com,https://example.com/u/104,"bug,perf,edit",11.1,
105,陈洋,工程,杭州,blocked,P3,6374.43,428,false,2023-05-07,user105@demo.io,https://example.com/u/105,perf,57.5,日常验收样例第 105 行，用于排序/过滤/查找
106,孙静,工程,南京,done,P1,57109.3,95,true,2022-12-08,user106@test.cn,https://example.com/u/106,perf,54.4,日常验收样例第 106 行，用于排序/过滤/查找
107,马丽涛,客服,北京,blocked,P2,25439.66,8,false,2024-06-02,user107@example.com,https://example.com/u/107,"search,filter",77.2,日常验收样例第 107 行，用于排序/过滤/查找
108,孙军,财务,苏州,done,P1,83055.32,350,false,2023-11-25,user108@test.cn,https://example.com/u/108,"sort,bug,filter",71.6,日常验收样例第 108 行，用于排序/过滤/查找
109,黄芳,工程,杭州,open,P2,93343.75,263,false,2024-07-27,user109@demo.io,https://example.com/u/109,"chunk,csv",75.3,日常验收样例第 109 行，用于排序/过滤/查找
110,刘勇,工程,广州,done,P0,79954.3,223,false,2024-03-02,user110@test.cn,https://example.com/u/110,"export,sort",49.6,日常验收样例第 110 行，用于排序/过滤/查找
111,黄杰丽,市场,上海,blocked,P0,43117.65,421,true,2023-01-22,user111@test.cn,https://example.com/u/111,"filter,bug",32.8,日常验收样例第 111 行，用于排序/过滤/查找
112,陈勇,人力,深圳,blocked,P2,44768.25,372,false,2023-06-13,user112@test.cn,https://example.com/u/112,"csv,filter",67.1,日常验收样例第 112 行，用于排序/过滤/查找
113,赵杰强,工程,深圳,cancelled,P3,3576.42,34,true,2024-05-13,user113@demo.io,https://example.com/u/113,"export,edit",94.9,日常验收样例第 113 行，用于排序/过滤/查找
114,张静杰,财务,西安,open,P1,52993.04,203,false,2023-08-23,user114@test.cn,https://example.com/u/114,filter,2.6,日常验收样例第 114 行，用于排序/过滤/查找
115,王秀英敏,市场,成都,blocked,P1,,146,false,2021-02-13,user115@example.com,https://example.com/u/115,filter,45.2,日常验收样例第 115 行，用于排序/过滤/查找
116,胡超军,财务,,cancelled,P2,89144.03,435,true,2023-12-28,user116@demo.io,https://example.com/u/116,"sort,export,search",12.1,日常验收样例第 116 行，用于排序/过滤/查找
117,刘静,客服,北京,done,P2,46793.84,282,true,2023-06-07,user117@example.com,https://example.com/u/117,chunk,39.8,
118,孙秀英明,产品,深圳,done,P0,45052.45,348,false,2020-09-19,user118@demo.io,https://example.com/u/118,"bug,sort,perf",43.3,日常验收样例第 118 行，用于排序/过滤/查找
119,胡芳丽,设计,成都,processing,P1,32333.81,363,true,2021-12-09,user119@demo.io,https://example.com/u/119,"filter,chunk",19.6,emoji 测试 🚀 行=119
120,周艳,市场,南京,cancelled,P0,50307.05,86,true,2020-12-16,user120@demo.io,https://example.com/u/120,"bug,export,csv",82.5,"含逗号, 引号""""与换行
第120行备注"
121,张娜,市场,杭州,cancelled,P3,61849.03,15,false,2024-12-25,user121@demo.io,https://example.com/u/121,"chunk,bug,ux",24.5,日常验收样例第 121 行，用于排序/过滤/查找
122,马涛,产品,北京,processing,P3,41620.61,237,true,2021-11-27,user122@demo.io,https://example.com/u/122,export,86.1,日常验收样例第 122 行，用于排序/过滤/查找
123,杨杰静,财务,苏州,cancelled,P0,31979.67,238,true,2021-07-01,user123@test.cn,https://example.com/u/123,sort,9.7,日常验收样例第 123 行，用于排序/过滤/查找
124,,运营,深圳,done,P2,19064.42,81,false,2022-11-20,user124@test.cn,https://example.com/u/124,"chunk,ux",2.3,日常验收样例第 124 行，用于排序/过滤/查找
125,赵丽,运营,杭州,cancelled,P2,4960.95,144,false,2023-05-08,user125@demo.io,https://example.com/u/125,"ux,chunk,csv",84.7,日常验收样例第 125 行，用于排序/过滤/查找
126,赵静杰,人力,广州,open,P3,5210.65,287,true,2022-01-12,user126@demo.io,https://example.com/u/126,"filter,edit",50.4,日常验收样例第 126 行，用于排序/过滤/查找
127,马艳敏,设计,上海,blocked,P2,79510.23,173,false,2024-03-26,user127@example.com,https://example.com/u/127,bug,50.9,日常验收样例第 127 行，用于排序/过滤/查找
128,周芳,设计,广州,blocked,P3,14979.17,457,true,2021-11-02,user128@demo.io,https://example.com/u/128,"sort,edit",99.1,日常验收样例第 128 行，用于排序/过滤/查找
129,孙勇丽,客服,南京,done,P3,81593.3,188,false,2023-10-11,user129@example.com,https://example.com/u/129,"bug,chunk",79.7,日常验收样例第 129 行，用于排序/过滤/查找
130,孙伟艳,运营,北京,cancelled,P3,17134.15,322,false,2020-10-29,user130@demo.io,https://example.com/u/130,csv,57.3,
131,孙敏,客服,广州,blocked,P1,41354.71,104,false,2022-10-24,user131@demo.io,https://example.com/u/131,"csv,sort",51.9,日常验收样例第 131 行，用于排序/过滤/查找
132,周军秀英,人力,广州,processing,P3,91221.19,175,false,2023-10-16,user132@demo.io,https://example.com/u/132,"chunk,ux,search",95.7,日常验收样例第 132 行，用于排序/过滤/查找
133,陈勇,市场,成都,processing,P3,31772.37,178,false,2021-08-12,user133@example.com,https://example.com/u/133,"perf,edit,bug",81.8,日常验收样例第 133 行，用于排序/过滤/查找
134,马静,市场,上海,done,P3,65631.6,382,false,2021-03-14,user134@example.com,https://example.com/u/134,"chunk,perf,bug",13.7,日常验收样例第 134 行，用于排序/过滤/查找
135,吴洋,运营,杭州,open,P0,41388.8,367,false,2020-07-24,user135@demo.io,https://example.com/u/135,csv,96.5,日常验收样例第 135 行，用于排序/过滤/查找
136,胡强,客服,西安,processing,P2,32184.65,330,true,2025-02-02,user136@example.com,https://example.com/u/136,"bug,search,csv",91.3,emoji 测试 🚀 行=136
137,王明强,工程,武汉,blocked,P1,93667.2,492,false,2024-11-30,user137@example.com,https://example.com/u/137,chunk,56.8,日常验收样例第 137 行，用于排序/过滤/查找
138,李军,客服,深圳,cancelled,P3,,414,true,2021-11-08,user138@example.com,https://example.com/u/138,"ux,chunk,sort",1.4,日常验收样例第 138 行，用于排序/过滤/查找
139,杨勇磊,设计,南京,blocked,P3,51576.53,44,false,2023-10-02,user139@example.com,https://example.com/u/139,sort,47.7,日常验收样例第 139 行，用于排序/过滤/查找
140,胡洋,人力,杭州,blocked,P2,95408.07,154,true,2021-06-19,user140@demo.io,https://example.com/u/140,"search,csv",66.8,"含逗号, 引号""""与换行
第140行备注"
141,黄勇,市场,上海,done,P2,61501.08,112,true,2022-09-06,user141@example.com,https://example.com/u/141,"bug,export",41.6,日常验收样例第 141 行，用于排序/过滤/查找
142,周秀英磊,运营,南京,open,P3,52864.49,185,true,2025-02-21,user142@demo.io,https://example.com/u/142,csv,82.9,日常验收样例第 142 行，用于排序/过滤/查找
143,胡丽,设计,深圳,done,P3,11712.38,105,false,2020-07-05,user143@demo.io,https://example.com/u/143,"csv,ux",13.2,
144,赵超超,市场,北京,blocked,P2,81663.67,381,true,2023-03-30,user144@example.com,https://example.com/u/144,edit,34.5,日常验收样例第 144 行，用于排序/过滤/查找
145,李芳娜,客服,,done,P3,18080.13,69,false,2022-02-05,user145@test.cn,https://example.com/u/145,"edit,bug",8.0,日常验收样例第 145 行，用于排序/过滤/查找
146,徐静杰,产品,深圳,cancelled,P3,52931.36,372,true,2024-09-05,user146@example.com,https://example.com/u/146,chunk,46.3,日常验收样例第 146 行，用于排序/过滤/查找
147,孙明洋,运营,西安,done,P1,27637.41,479,true,2020-03-06,user147@demo.io,https://example.com/u/147,"bug,csv",24.1,日常验收样例第 147 行，用于排序/过滤/查找
148,李敏超,工程,杭州,open,P3,43952.38,276,true,2024-03-24,user148@example.com,https://example.com/u/148,perf,99.3,日常验收样例第 148 行，用于排序/过滤/查找
149,刘军军,运营,成都,processing,P1,41414.66,140,true,2023-02-14,user149@demo.io,https://example.com/u/149,"sort,edit,ux",4.7,日常验收样例第 149 行，用于排序/过滤/查找
150,杨涛军,人力,武汉,processing,P2,37708.37,386,false,2021-05-08,user150@example.com,https://example.com/u/150,"sort,ux",91.5,日常验收样例第 150 行，用于排序/过滤/查找
151,周明丽,设计,武汉,processing,P2,20413.34,331,true,2025-03-03,user151@test.cn,https://example.com/u/151,"filter,perf",72.5,日常验收样例第 151 行，用于排序/过滤/查找
152,刘芳,工程,上海,processing,P1,47991.48,445,false,2021-09-12,user152@example.com,https://example.com/u/152,search,96.2,日常验收样例第 152 行，用于排序/过滤/查找
153,李秀英磊,人力,杭州,cancelled,P2,77573.83,194,false,2022-12-28,user153@demo.io,https://example.com/u/153,"chunk,bug",36.0,emoji 测试 🚀 行=153
154,胡秀英,客服,广州,processing,P2,31360.91,23,true,2024-02-27,user154@example.com,https://example.com/u/154,chunk,55.3,日常验收样例第 154 行，用于排序/过滤/查找
155,,运营,广州,processing,P3,57021.97,125,false,2023-02-01,user155@demo.io,https://example.com/u/155,"export,chunk,ux",96.7,日常验收样例第 155 行，用于排序/过滤/查找
156,徐秀英,财务,深圳,processing,P3,18486.37,455,true,2022-12-09,user156@example.com,https://example.com/u/156,csv,76.4,
157,赵静洋,产品,深圳,open,P1,50622.71,191,true,2023-06-19,user157@demo.io,https://example.com/u/157,"bug,ux,perf",1.6,日常验收样例第 157 行，用于排序/过滤/查找
158,周明,市场,苏州,done,P0,50271.38,357,false,2024-07-09,user158@example.com,https://example.com/u/158,filter,52.4,日常验收样例第 158 行，用于排序/过滤/查找
159,刘磊艳,财务,成都,blocked,P0,37367.85,207,false,2023-03-03,user159@example.com,https://example.com/u/159,"search,chunk,filter",65.4,日常验收样例第 159 行，用于排序/过滤/查找
160,朱芳,人力,武汉,cancelled,P3,5705.88,4,true,2020-06-18,user160@test.cn,https://example.com/u/160,"export,filter",89.5,"含逗号, 引号""""与换行
第160行备注"
161,胡芳,客服,成都,open,P0,,143,true,2021-01-02,user161@test.cn,https://example.com/u/161,search,58.7,日常验收样例第 161 行，用于排序/过滤/查找
162,马涛勇,设计,南京,processing,P3,67735.79,276,false,2022-02-25,user162@demo.io,https://example.com/u/162,filter,50.1,日常验收样例第 162 行，用于排序/过滤/查找
163,杨芳,运营,上海,done,P3,96895.15,167,true,2023-07-22,user163@test.cn,https://example.com/u/163,"ux,search",35.6,日常验收样例第 163 行，用于排序/过滤/查找
164,赵明,人力,上海,cancelled,P2,79825.7,365,true,2020-06-17,user164@test.cn,https://example.com/u/164,edit,71.2,日常验收样例第 164 行，用于排序/过滤/查找
165,徐静军,财务,上海,open,P0,94301.72,227,false,2024-04-08,user165@test.cn,https://example.com/u/165,sort,8.7,日常验收样例第 165 行，用于排序/过滤/查找
166,赵超丽,人力,上海,open,P0,35456.03,47,false,2024-11-03,user166@test.cn,https://example.com/u/166,chunk,41.4,日常验收样例第 166 行，用于排序/过滤/查找
167,马娜洋,设计,武汉,processing,P1,26965.0,137,false,2020-10-25,user167@example.com,https://example.com/u/167,edit,27.6,日常验收样例第 167 行，用于排序/过滤/查找
168,陈秀英杰,市场,杭州,blocked,P1,45840.37,69,false,2020-01-14,user168@test.cn,https://example.com/u/168,"bug,edit",80.4,日常验收样例第 168 行，用于排序/过滤/查找
169,杨超,设计,成都,done,P1,47953.07,90,false,2025-06-06,user169@test.cn,https://example.com/u/169,"ux,search",32.6,
170,陈涛,运营,南京,cancelled,P1,68203.09,281,true,2025-05-05,user170@demo.io,https://example.com/u/170,"search,ux",79.8,emoji 测试 🚀 行=170
171,朱娜明,客服,深圳,done,P1,25342.9,78,false,2024-06-04,user171@test.cn,https://example.com/u/171,ux,99.1,日常验收样例第 171 行，用于排序/过滤/查找
172,黄涛明,工程,广州,cancelled,P0,11026.0,127,false,2020-12-06,user172@demo.io,https://example.com/u/172,"csv,edit,export",96.6,日常验收样例第 172 行，用于排序/过滤/查找
173,赵敏,市场,杭州,cancelled,P1,44633.27,200,false,2024-04-30,user173@demo.io,https://example.com/u/173,"perf,sort,export",99.8,日常验收样例第 173 行，用于排序/过滤/查找
174,黄敏,产品,,processing,P2,31257.84,233,true,2022-12-03,user174@test.cn,https://example.com/u/174,"ux,filter",43.8,日常验收样例第 174 行，用于排序/过滤/查找
175,孙超,市场,北京,open,P0,84933.07,331,true,2023-10-18,user175@example.com,https://example.com/u/175,"search,perf,sort",55.2,日常验收样例第 175 行，用于排序/过滤/查找
176,杨明洋,人力,深圳,processing,P3,39618.68,377,true,2022-07-09,user176@demo.io,https://example.com/u/176,"edit,csv",70.5,日常验收样例第 176 行，用于排序/过滤/查找
177,刘艳娜,产品,苏州,processing,P2,32665.89,234,true,2021-06-21,user177@demo.io,https://example.com/u/177,"perf,export",59.7,日常验收样例第 177 行，用于排序/过滤/查找
178,吴涛杰,财务,西安,cancelled,P1,81392.44,361,false,2025-02-24,user178@demo.io,https://example.com/u/178,"filter,sort,export",11.8,日常验收样例第 178 行，用于排序/过滤/查找
179,陈敏,设计,苏州,blocked,P3,59682.93,294,false,2022-05-16,user179@example.com,https://example.com/u/179,"perf,sort",55.5,日常验收样例第 179 行，用于排序/过滤/查找
180,黄勇,财务,西安,cancelled,P0,86565.66,487,true,2022-09-19,user180@example.com,https://example.com/u/180,edit,96.4,"含逗号, 引号""""与换行
第180行备注"
181,周秀英,客服,武汉,blocked,P3,16808.62,289,true,2024-06-17,user181@example.com,https://example.com/u/181,"csv,chunk",22.5,日常验收样例第 181 行，用于排序/过滤/查找
182,陈强秀英,产品,南京,open,P2,77533.78,421,false,2023-01-15,user182@example.com,https://example.com/u/182,"ux,perf,search",99.0,
183,李洋,工程,西安,done,P2,86233.73,44,false,2024-11-07,user183@example.com,https://example.com/u/183,search,81.1,日常验收样例第 183 行，用于排序/过滤/查找
184,吴杰明,设计,南京,processing,P1,,412,true,2023-03-13,user184@test.cn,https://example.com/u/184,"chunk,perf,sort",32.4,日常验收样例第 184 行，用于排序/过滤/查找
185,孙勇,市场,苏州,open,P1,96280.91,402,false,2025-02-24,user185@example.com,https://example.com/u/185,"sort,bug",25.0,日常验收样例第 185 行，用于排序/过滤/查找
186,,客服,深圳,cancelled,P2,62818.49,192,false,2020-06-03,user186@demo.io,https://example.com/u/186,edit,51.6,日常验收样例第 186 行，用于排序/过滤/查找
187,陈杰,客服,广州,cancelled,P0,86903.88,433,true,2024-02-05,user187@test.cn,https://example.com/u/187,"export,filter,edit",21.8,emoji 测试 🚀 行=187
188,赵磊,财务,成都,done,P1,56657.59,248,false,2025-01-05,user188@demo.io,https://example.com/u/188,csv,10.0,日常验收样例第 188 行，用于排序/过滤/查找
189,马超,设计,西安,blocked,P0,99184.63,219,true,2023-11-11,user189@example.com,https://example.com/u/189,"chunk,sort,bug",9.3,日常验收样例第 189 行，用于排序/过滤/查找
190,杨艳,设计,北京,blocked,P2,72626.23,386,true,2022-05-29,user190@demo.io,https://example.com/u/190,filter,0.1,日常验收样例第 190 行，用于排序/过滤/查找
191,黄娜,运营,苏州,blocked,P0,905.45,175,true,2024-10-27,user191@test.cn,https://example.com/u/191,"sort,ux,filter",22.9,日常验收样例第 191 行，用于排序/过滤/查找
192,李敏,财务,成都,processing,P3,77368.69,385,true,2023-08-06,user192@demo.io,https://example.com/u/192,filter,53.1,日常验收样例第 192 行，用于排序/过滤/查找
193,张强,运营,深圳,blocked,P3,86010.25,44,true,2020-10-13,user193@example.com,https://example.com/u/193,"edit,export,bug",31.5,日常验收样例第 193 行，用于排序/过滤/查找
194,王洋,产品,杭州,cancelled,P2,77919.06,353,true,2024-10-02,user194@demo.io,https://example.com/u/194,"search,perf",60.7,日常验收样例第 194 行，用于排序/过滤/查找
195,刘涛,工程,杭州,blocked,P3,11363.09,255,true,2022-12-17,user195@example.com,https://example.com/u/195,"export,sort",38.7,
196,朱明,设计,西安,open,P0,58777.61,7,false,2021-03-17,user196@example.com,https://example.com/u/196,edit,50.7,日常验收样例第 196 行，用于排序/过滤/查找
197,徐丽明,人力,上海,cancelled,P1,27819.02,158,true,2022-11-13,user197@example.com,https://example.com/u/197,perf,32.7,日常验收样例第 197 行，用于排序/过滤/查找
198,吴娜,人力,杭州,open,P1,8712.66,222,true,2022-07-17,user198@demo.io,https://example.com/u/198,"csv,chunk,sort",11.9,日常验收样例第 198 行，用于排序/过滤/查找
199,孙静强,客服,广州,cancelled,P2,16779.6,64,false,2024-02-10,user199@example.com,https://example.com/u/199,export,80.7,日常验收样例第 199 行，用于排序/过滤/查找
200,陈丽,产品,西安,blocked,P2,5638.37,439,true,2022-01-23,user200@example.com,https://example.com/u/200,"filter,bug",22.8,"含逗号, 引号""""与换行
第200行备注"
201,周伟,工程,杭州,open,P3,36461.25,471,true,2021-01-01,user201@example.com,https://example.com/u/201,"edit,search,export",24.8,日常验收样例第 201 行，用于排序/过滤/查找
202,胡军,产品,南京,done,P0,50253.89,461,true,2021-01-02,user202@example.com,https://example.com/u/202,"csv,edit,filter",87.7,日常验收样例第 202 行，用于排序/过滤/查找
203,朱勇勇,财务,,cancelled,P3,896.12,102,false,2023-02-28,user203@test.cn,https://example.com/u/203,"bug,search,ux",36.8,日常验收样例第 203 行，用于排序/过滤/查找
204,黄磊洋,设计,北京,blocked,P0,23376.47,177,true,2025-05-01,user204@test.cn,https://example.com/u/204,edit,84.9,emoji 测试 🚀 行=204
205,孙勇,运营,武汉,blocked,P0,97258.66,72,false,2020-07-09,user205@example.com,https://example.com/u/205,perf,41.3,日常验收样例第 205 行，用于排序/过滤/查找
206,胡杰,产品,南京,open,P1,63757.84,201,true,2023-04-27,user206@demo.io,https://example.com/u/206,edit,66.2,日常验收样例第 206 行，用于排序/过滤/查找
207,王洋,财务,武汉,done,P2,,119,true,2025-04-16,user207@example.com,https://example.com/u/207,bug,10.9,日常验收样例第 207 行，用于排序/过滤/查找
208,李强,财务,武汉,open,P2,96467.0,106,false,2021-09-23,user208@test.cn,https://example.com/u/208,"filter,bug",15.8,
209,徐勇芳,运营,广州,processing,P0,71144.62,495,false,2022-03-22,user209@demo.io,https://example.com/u/209,chunk,26.0,日常验收样例第 209 行，用于排序/过滤/查找
210,王伟超,运营,上海,blocked,P0,80409.28,71,true,2020-01-25,user210@example.com,https://example.com/u/210,sort,19.8,日常验收样例第 210 行，用于排序/过滤/查找
211,赵杰娜,市场,上海,open,P0,19855.26,330,false,2024-07-15,user211@example.com,https://example.com/u/211,export,12.3,日常验收样例第 211 行，用于排序/过滤/查找
212,黄芳,人力,武汉,blocked,P0,38334.67,218,true,2021-12-25,user212@example.com,https://example.com/u/212,chunk,28.0,日常验收样例第 212 行，用于排序/过滤/查找
213,胡静,运营,成都,blocked,P3,88289.57,245,true,2020-06-28,user213@test.cn,https://example.com/u/213,"sort,edit",19.9,日常验收样例第 213 行，用于排序/过滤/查找
214,胡丽,工程,武汉,done,P3,54497.32,248,false,2025-02-12,user214@demo.io,https://example.com/u/214,"export,edit,chunk",18.0,日常验收样例第 214 行，用于排序/过滤/查找
215,杨洋,市场,北京,blocked,P2,76707.52,119,true,2020-07-24,user215@example.com,https://example.com/u/215,"search,chunk,csv",76.4,日常验收样例第 215 行，用于排序/过滤/查找
216,刘涛,设计,深圳,processing,P2,80640.39,357,false,2025-02-14,user216@demo.io,https://example.com/u/216,export,94.8,日常验收样例第 216 行，用于排序/过滤/查找
217,,客服,苏州,done,P1,49094.59,46,true,2021-04-21,user217@demo.io,https://example.com/u/217,csv,52.6,日常验收样例第 217 行，用于排序/过滤/查找
218,张军磊,设计,广州,processing,P2,6049.64,75,true,2024-05-04,user218@example.com,https://example.com/u/218,"export,filter,bug",70.5,日常验收样例第 218 行，用于排序/过滤/查找
219,徐涛军,市场,广州,processing,P1,73261.96,223,false,2023-08-22,user219@test.cn,https://example.com/u/219,perf,69.4,日常验收样例第 219 行，用于排序/过滤/查找
220,胡杰,设计,武汉,done,P2,12822.1,373,true,2025-04-27,user220@demo.io,https://example.com/u/220,"edit,csv,sort",60.2,"含逗号, 引号""""与换行
第220行备注"
221,胡洋敏,客服,深圳,done,P0,23875.79,163,true,2023-07-26,user221@example.com,https://example.com/u/221,"export,ux,csv",26.5,emoji 测试 🚀 行=221
222,刘娜,产品,北京,open,P3,43878.19,214,true,2024-12-16,user222@test.cn,https://example.com/u/222,"edit,export",54.6,日常验收样例第 222 行，用于排序/过滤/查找
223,李秀英洋,设计,西安,open,P0,29561.37,163,false,2025-05-03,user223@example.com,https://example.com/u/223,export,17.0,日常验收样例第 223 行，用于排序/过滤/查找
224,赵强娜,财务,南京,cancelled,P3,70480.01,220,true,2023-05-28,user224@test.cn,https://example.com/u/224,csv,10.1,日常验收样例第 224 行，用于排序/过滤/查找
225,刘磊,市场,成都,done,P1,9682.0,201,false,2020-11-10,user225@example.com,https://example.com/u/225,"csv,edit",8.8,日常验收样例第 225 行，用于排序/过滤/查找
226,朱秀英,工程,杭州,processing,P2,97708.05,242,true,2021-09-23,user226@test.cn,https://example.com/u/226,"ux,chunk",9.1,日常验收样例第 226 行，用于排序/过滤/查找
227,周涛,人力,广州,processing,P3,4557.23,225,false,2021-06-23,user227@example.com,https://example.com/u/227,"bug,csv",15.1,日常验收样例第 227 行，用于排序/过滤/查找
228,孙敏,财务,苏州,blocked,P1,55404.82,430,false,2024-08-03,user228@demo.io,https://example.com/u/228,"perf,ux",57.3,日常验收样例第 228 行，用于排序/过滤/查找
229,刘秀英,人力,北京,cancelled,P1,12116.16,387,false,2020-12-20,user229@example.com,https://example.com/u/229,search,12.6,日常验收样例第 229 行，用于排序/过滤/查找
230,赵娜明,运营,深圳,cancelled,P2,,372,true,2020-06-27,user230@test.cn,https://example.com/u/230,"edit,perf,export",85.7,日常验收样例第 230 行，用于排序/过滤/查找
231,周超伟,人力,上海,blocked,P1,14905.15,301,true,2025-03-09,user231@example.com,https://example.com/u/231,"filter,chunk,export",87.8,日常验收样例第 231 行，用于排序/过滤/查找
232,陈涛秀英,工程,,done,P3,14470.88,311,false,2020-03-20,user232@test.cn,https://example.com/u/232,"search,csv",74.6,日常验收样例第 232 行，用于排序/过滤/查找
233,胡艳伟,财务,成都,done,P2,84300.36,439,true,2025-06-14,user233@example.com,https://example.com/u/233,chunk,97.4,日常验收样例第 233 行，用于排序/过滤/查找
234,黄军,人力,南京,open,P1,44227.48,467,false,2024-02-26,user234@test.cn,https://example.com/u/234,"export,csv,sort",6.6,
235,孙丽,工程,深圳,processing,P1,83713.96,127,true,2022-07-23,user235@example.com,https://example.com/u/235,"search,chunk",36.8,日常验收样例第 235 行，用于排序/过滤/查找
236,黄丽,产品,北京,processing,P2,48929.79,228,true,2025-05-21,user236@test.cn,https://example.com/u/236,"perf,export,bug",16.4,日常验收样例第 236 行，用于排序/过滤/查找
237,胡艳娜,市场,北京,blocked,P0,16374.45,292,true,2024-10-21,user237@example.com,https://example.com/u/237,"search,bug,chunk",65.2,日常验收样例第 237 行，用于排序/过滤/查找
238,周伟伟,客服,深圳,processing,P0,22454.62,311,false,2023-12-30,user238@demo.io,https://example.com/u/238,"chunk,edit,perf",85.2,emoji 测试 🚀 行=238
239,黄艳,市场,苏州,cancelled,P3,58490.26,3,false,2023-02-23,user239@demo.io,https://example.com/u/239,"bug,chunk,perf",68.4,日常验收样例第 239 行，用于排序/过滤/查找
240,黄娜,市场,广州,done,P2,65646.34,487,false,2021-01-20,user240@example.com,https://example.com/u/240,"search,csv,edit",66.1,"含逗号, 引号""""与换行
第240行备注"
241,徐静秀英,市场,成都,blocked,P3,38888.66,18,true,2021-12-03,user241@demo.io,https://example.com/u/241,"search,perf,ux",90.7,日常验收样例第 241 行，用于排序/过滤/查找
242,徐杰强,设计,成都,open,P3,12881.62,132,true,2025-04-23,user242@demo.io,https://example.com/u/242,"filter,search",35.5,日常验收样例第 242 行，用于排序/过滤/查找
243,孙勇,财务,广州,done,P2,46429.68,60,false,2020-04-19,user243@demo.io,https://example.com/u/243,"bug,filter,ux",88.9,日常验收样例第 243 行，用于排序/过滤/查找
244,周敏涛,市场,武汉,open,P1,13822.79,102,false,2022-04-18,user244@demo.io,https://example.com/u/244,"sort,export",86.2,日常验收样例第 244 行，用于排序/过滤/查找
245,王娜,设计,广州,open,P0,45260.11,107,true,2023-03-26,user245@example.com,https://example.com/u/245,"filter,sort",61.4,日常验收样例第 245 行，用于排序/过滤/查找
246,徐明,客服,武汉,open,P0,53424.88,374,false,2025-04-29,user246@example.com,https://example.com/u/246,"perf,search",1.8,日常验收样例第 246 行，用于排序/过滤/查找
247,张洋,财务,成都,processing,P0,38416.69,301,false,2020-12-08,user247@example.com,https://example.com/u/247,chunk,94.8,
248,,人力,深圳,done,P3,35989.16,96,true,2025-04-25,user248@test.cn,https://example.com/u/248,search,22.4,日常验收样例第 248 行，用于排序/过滤/查找
249,王磊丽,设计,上海,done,P0,37581.72,327,false,2024-04-28,user249@demo.io,https://example.com/u/249,"csv,bug,filter",65.4,日常验收样例第 249 行，用于排序/过滤/查找
250,张芳明,客服,武汉,open,P2,47492.19,78,true,2023-11-24,user250@demo.io,https://example.com/u/250,"csv,chunk,edit",66.2,日常验收样例第 250 行，用于排序/过滤/查找
251,徐丽,设计,武汉,open,P0,28342.4,401,true,2022-10-16,user251@example.com,https://example.com/u/251,"search,chunk,bug",35.8,日常验收样例第 251 行，用于排序/过滤/查找
252,赵勇,客服,杭州,blocked,P2,23527.07,6,true,2025-01-31,user252@example.com,https://example.com/u/252,"ux,sort,filter",78.0,日常验收样例第 252 行，用于排序/过滤/查找
253,李敏洋,客服,成都,done,P3,,416,true,2024-11-25,user253@example.com,https://example.com/u/253,"export,bug",42.6,日常验收样例第 253 行，用于排序/过滤/查找
254,李敏芳,工程,深圳,processing,P2,35816.98,224,false,2024-12-04,user254@demo.io,https://example.com/u/254,export,81.5,日常验收样例第 254 行，用于排序/过滤/查找
255,王敏,客服,成都,blocked,P3,80009.91,332,true,2020-08-19,user255@example.com,https://example.com/u/255,"csv,sort,filter",41.6,emoji 测试 🚀 行=255
256,吴秀英超,设计,南京,blocked,P2,61174.7,441,true,2022-09-16,user256@test.cn,https://example.com/u/256,edit,44.1,日常验收样例第 256 行，用于排序/过滤/查找
257,李艳伟,运营,广州,cancelled,P0,43341.5,372,true,2022-09-13,user257@test.cn,https://example.com/u/257,"edit,sort,csv",1.2,日常验收样例第 257 行，用于排序/过滤/查找
258,胡强秀英,客服,深圳,open,P3,32131.31,169,false,2020-04-13,user258@demo.io,https://example.com/u/258,perf,64.3,日常验收样例第 258 行，用于排序/过滤/查找
259,赵洋,客服,南京,blocked,P0,85673.25,228,false,2020-08-31,user259@test.cn,https://example.com/u/259,"csv,filter,edit",41.2,日常验收样例第 259 行，用于排序/过滤/查找
260,周伟勇,运营,西安,done,P2,82548.56,418,true,2024-09-25,user260@test.cn,https://example.com/u/260,"perf,ux",71.7,"含逗号, 引号""""与换行
第260行备注"
261,杨超,运营,,done,P2,83005.39,493,false,2023-01-26,user261@demo.io,https://example.com/u/261,"filter,csv",89.7,日常验收样例第 261 行，用于排序/过滤/查找
262,黄静明,产品,成都,cancelled,P1,18835.58,476,false,2021-03-17,user262@test.cn,https://example.com/u/262,export,10.8,日常验收样例第 262 行，用于排序/过滤/查找
263,赵芳敏,客服,西安,cancelled,P1,96389.08,2,true,2023-02-07,user263@test.cn,https://example.com/u/263,"ux,perf,sort",69.2,日常验收样例第 263 行，用于排序/过滤/查找
264,王静,财务,苏州,blocked,P3,97952.12,468,true,2021-07-14,user264@test.cn,https://example.com/u/264,"chunk,ux",80.5,日常验收样例第 264 行，用于排序/过滤/查找
265,王明丽,市场,苏州,done,P1,20168.82,319,false,2023-11-07,user265@test.cn,https://example.com/u/265,"sort,bug,export",71.0,日常验收样例第 265 行，用于排序/过滤/查找
266,马杰明,市场,武汉,open,P0,2624.69,74,true,2023-10-04,user266@example.com,https://example.com/u/266,chunk,75.0,日常验收样例第 266 行，用于排序/过滤/查找
267,王勇静,工程,成都,processing,P0,35932.37,231,true,2023-06-15,user267@demo.io,https://example.com/u/267,"perf,search,edit",23.8,日常验收样例第 267 行，用于排序/过滤/查找
268,马勇芳,人力,武汉,blocked,P2,96586.73,27,true,2024-03-03,user268@test.cn,https://example.com/u/268,bug,86.9,日常验收样例第 268 行，用于排序/过滤/查找
269,朱超杰,运营,杭州,done,P3,17824.85,349,true,2021-01-17,user269@example.com,https://example.com/u/269,"perf,filter,edit",4.1,日常验收样例第 269 行，用于排序/过滤/查找
270,陈艳,市场,北京,done,P3,70997.95,79,true,2020-11-10,user270@test.cn,https://example.com/u/270,"csv,chunk,ux",79.0,日常验收样例第 270 行，用于排序/过滤/查找
271,周杰,财务,苏州,processing,P1,52108.56,402,true,2022-05-01,user271@demo.io,https://example.com/u/271,"edit,filter,export",22.1,日常验收样例第 271 行，用于排序/过滤/查找
272,刘军,市场,杭州,cancelled,P3,99663.44,421,true,2020-08-22,user272@demo.io,https://example.com/u/272,"ux,search",90.4,emoji 测试 🚀 行=272
273,吴洋军,人力,上海,blocked,P2,54069.7,144,true,2025-02-09,user273@demo.io,https://example.com/u/273,"perf,bug",44.6,
274,张勇磊,财务,苏州,open,P0,16822.74,489,true,2023-07-07,user274@example.com,https://example.com/u/274,search,86.5,日常验收样例第 274 行，用于排序/过滤/查找
275,赵敏,人力,上海,processing,P0,45976.6,169,true,2020-06-28,user275@example.com,https://example.com/u/275,sort,79.4,日常验收样例第 275 行，用于排序/过滤/查找
276,周娜洋,市场,武汉,blocked,P3,,221,false,2020-02-04,user276@test.cn,https://example.com/u/276,"filter,perf,csv",64.1,日常验收样例第 276 行，用于排序/过滤/查找
277,吴娜芳,产品,广州,cancelled,P0,29054.67,351,false,2023-05-27,user277@example.com,https://example.com/u/277,"ux,edit",39.5,日常验收样例第 277 行，用于排序/过滤/查找
278,徐伟,运营,深圳,blocked,P2,96017.4,73,false,2023-10-19,user278@demo.io,https://example.com/u/278,"export,csv,sort",12.3,日常验收样例第 278 行，用于排序/过滤/查找
279,,市场,杭州,done,P1,41324.18,330,true,2020-11-25,user279@example.com,https://example.com/u/279,bug,83.5,日常验收样例第 279 行，用于排序/过滤/查找
280,刘敏,工程,苏州,blocked,P0,29136.2,34,false,2020-07-20,user280@example.com,https://example.com/u/280,"bug,ux,export",35.7,"含逗号, 引号""""与换行
第280行备注"
281,徐洋,产品,杭州,done,P3,45119.53,315,false,2023-11-21,user281@demo.io,https://example.com/u/281,bug,56.7,日常验收样例第 281 行，用于排序/过滤/查找
282,马军强,工程,广州,processing,P1,71248.69,328,false,2021-07-20,user282@test.cn,https://example.com/u/282,export,87.8,日常验收样例第 282 行，用于排序/过滤/查找
283,黄超,市场,西安,cancelled,P0,17659.44,310,true,2024-09-19,user283@test.cn,https://example.com/u/283,perf,19.6,日常验收样例第 283 行，用于排序/过滤/查找
284,孙娜伟,工程,南京,cancelled,P3,76943.1,108,true,2023-02-03,user284@test.cn,https://example.com/u/284,"perf,ux,sort",36.6,日常验收样例第 284 行，用于排序/过滤/查找
285,刘勇,产品,武汉,done,P0,66301.57,434,true,2024-03-30,user285@demo.io,https://example.com/u/285,ux,15.9,日常验收样例第 285 行，用于排序/过滤/查找
286,吴静秀英,财务,北京,processing,P3,23251.81,135,false,2021-04-24,user286@example.com,https://example.com/u/286,"search,perf,export",38.8,
287,胡超芳,财务,上海,cancelled,P2,83503.73,134,true,2022-02-10,user287@demo.io,https://example.com/u/287,"export,filter",51.7,日常验收样例第 287 行，用于排序/过滤/查找
288,赵洋杰,财务,西安,blocked,P0,50233.51,71,false,2020-12-05,user288@example.com,https://example.com/u/288,perf,64.3,日常验收样例第 288 行，用于排序/过滤/查找
289,刘静,财务,南京,open,P1,41519.9,169,true,2022-09-13,user289@demo.io,https://example.com/u/289,"ux,search",59.1,emoji 测试 🚀 行=289
290,徐明,工程,,cancelled,P1,13558.93,262,true,2024-12-29,user290@demo.io,https://example.com/u/290,csv,16.6,日常验收样例第 290 行，用于排序/过滤/查找
291,胡强涛,工程,成都,open,P1,44975.41,241,false,2020-12-15,user291@example.com,https://example.com/u/291,"bug,sort",79.5,日常验收样例第 291 行，用于排序/过滤/查找
292,朱强丽,市场,深圳,done,P3,59693.68,35,true,2022-02-13,user292@test.cn,https://example.com/u/292,filter,1.7,日常验收样例第 292 行，用于排序/过滤/查找
293,周丽静,产品,深圳,blocked,P0,87787.48,272,true,2020-07-09,user293@test.cn,https://example.com/u/293,"sort,perf,csv",89.7,日常验收样例第 293 行，用于排序/过滤/查找
294,马明杰,工程,苏州,blocked,P1,93848.31,246,false,2021-12-18,user294@demo.io,https://example.com/u/294,"bug,filter,edit",13.4,日常验收样例第 294 行，用于排序/过滤/查找
295,黄洋娜,市场,南京,cancelled,P3,25854.71,2,true,2023-03-29,user295@demo.io,https://example.com/u/295,perf,0.7,日常验收样例第 295 行，用于排序/过滤/查找
296,徐磊军,人力,广州,open,P1,42664.55,299,false,2021-06-19,user296@demo.io,https://example.com/u/296,"bug,export",61.2,日常验收样例第 296 行，用于排序/过滤/查找
297,徐涛明,客服,深圳,done,P3,25452.38,157,false,2024-05-04,user297@demo.io,https://example.com/u/297,"sort,filter",74.8,日常验收样例第 297 行，用于排序/过滤/查找
298,黄强,人力,广州,cancelled,P0,16157.73,493,true,2024-07-05,user298@example.com,https://example.com/u/298,ux,92.6,日常验收样例第 298 行，用于排序/过滤/查找
299,赵娜,运营,广州,open,P0,,476,false,2023-06-11,user299@demo.io,https://example.com/u/299,"chunk,csv,sort",64.0,
300,黄伟,市场,杭州,open,P1,61557.47,345,true,2022-01-06,user300@example.com,https://example.com/u/300,"csv,sort,filter",99.7,"含逗号, 引号""""与换行
第300行备注"
301,马涛,人力,武汉,cancelled,P1,51822.49,377,true,2025-02-25,user301@example.com,https://example.com/u/301,"chunk,perf,export",34.7,日常验收样例第 301 行，用于排序/过滤/查找
302,朱艳,运营,西安,blocked,P0,26184.64,208,true,2023-02-18,user302@example.com,https://example.com/u/302,"chunk,export,filter",80.3,日常验收样例第 302 行，用于排序/过滤/查找
303,陈艳涛,客服,杭州,done,P3,68191.3,459,true,2022-09-14,user303@example.com,https://example.com/u/303,"filter,edit",63.4,日常验收样例第 303 行，用于排序/过滤/查找
304,刘洋明,财务,苏州,cancelled,P0,70111.77,134,true,2021-08-11,user304@example.com,https://example.com/u/304,"export,filter",55.5,日常验收样例第 304 行，用于排序/过滤/查找
305,王秀英,运营,南京,done,P1,94717.09,349,true,2022-10-18,user305@demo.io,https://example.com/u/305,search,73.5,日常验收样例第 305 行，用于排序/过滤/查找
306,朱艳,运营,杭州,cancelled,P2,15683.96,54,true,2025-02-27,user306@example.com,https://example.com/u/306,"ux,csv,perf",84.8,emoji 测试 🚀 行=306
307,杨军,市场,西安,processing,P2,39848.16,384,true,2020-04-20,user307@demo.io,https://example.com/u/307,"ux,perf",3.3,日常验收样例第 307 行，用于排序/过滤/查找
308,杨涛强,客服,上海,cancelled,P3,31633.56,4,true,2023-10-12,user308@example.com,https://example.com/u/308,"bug,filter",32.5,日常验收样例第 308 行，用于排序/过滤/查找
309,吴艳,市场,杭州,done,P3,95856.82,175,false,2021-01-11,user309@test.cn,https://example.com/u/309,"search,edit",70.1,日常验收样例第 309 行，用于排序/过滤/查找
310,,客服,深圳,cancelled,P1,97929.31,351,true,2024-07-25,user310@example.com,https://example.com/u/310,"chunk,search,edit",85.6,日常验收样例第 310 行，用于排序/过滤/查找
311,刘静静,客服,北京,processing,P3,50009.82,457,false,2024-05-27,user311@test.cn,https://example.com/u/311,"chunk,perf",85.9,日常验收样例第 311 行，用于排序/过滤/查找
312,张涛,设计,北京,processing,P2,47706.28,322,true,2022-07-10,user312@demo.io,https://example.com/u/312,"chunk,export",36.0,
313,周艳,人力,上海,done,P1,57727.68,332,true,2024-05-17,user313@test.cn,https://example.com/u/313,"export,perf",48.7,日常验收样例第 313 行，用于排序/过滤/查找
314,孙超涛,市场,西安,processing,P1,64094.0,475,false,2022-05-13,user314@demo.io,https://example.com/u/314,"bug,edit,filter",7.9,日常验收样例第 314 行，用于排序/过滤/查找
315,杨洋,市场,成都,cancelled,P3,27197.68,227,false,2024-03-11,user315@demo.io,https://example.com/u/315,"ux,edit,sort",18.4,日常验收样例第 315 行，用于排序/过滤/查找
316,张静艳,产品,杭州,processing,P3,10390.63,32,false,2023-01-28,user316@example.com,https://example.com/u/316,edit,52.4,日常验收样例第 316 行，用于排序/过滤/查找
317,李敏,设计,上海,blocked,P2,23012.66,377,false,2022-06-26,user317@demo.io,https://example.com/u/317,sort,52.7,日常验收样例第 317 行，用于排序/过滤/查找
318,王伟,财务,广州,blocked,P3,97500.65,276,false,2023-01-28,user318@test.cn,https://example.com/u/318,perf,17.7,日常验收样例第 318 行，用于排序/过滤/查找
319,吴超明,市场,,blocked,P1,80490.3,226,false,2022-01-19,user319@test.cn,https://example.com/u/319,"sort,chunk",1.1,日常验收样例第 319 行，用于排序/过滤/查找
320,周静,客服,苏州,open,P3,94701.05,244,false,2020-01-19,user320@test.cn,https://example.com/u/320,"bug,search",79.7,"含逗号, 引号""""与换行
第320行备注"
321,周杰,人力,武汉,processing,P1,71522.3,330,false,2024-08-23,user321@test.cn,https://example.com/u/321,chunk,7.9,日常验收样例第 321 行，用于排序/过滤/查找
322,徐洋艳,市场,苏州,done,P3,,35,true,2020-10-06,user322@test.cn,https://example.com/u/322,ux,61.8,日常验收样例第 322 行，用于排序/过滤/查找
323,陈秀英,工程,深圳,open,P0,18675.16,52,false,2021-07-05,user323@example.com,https://example.com/u/323,"ux,csv,search",9.0,emoji 测试 🚀 行=323
324,张秀英,人力,成都,blocked,P2,46422.07,405,true,2021-11-07,user324@example.com,https://example.com/u/324,csv,26.7,日常验收样例第 324 行，用于排序/过滤/查找
325,赵娜强,运营,成都,blocked,P0,12283.96,393,true,2022-02-27,user325@test.cn,https://example.com/u/325,csv,19.9,
326,孙敏磊,客服,武汉,done,P2,15945.28,372,true,2024-03-05,user326@demo.io,https://example.com/u/326,"filter,chunk,ux",63.9,日常验收样例第 326 行，用于排序/过滤/查找
327,刘杰磊,产品,杭州,blocked,P2,1605.26,406,false,2023-04-12,user327@example.com,https://example.com/u/327,"search,csv",96.9,日常验收样例第 327 行，用于排序/过滤/查找
328,吴秀英静,财务,上海,processing,P1,50041.92,351,false,2025-03-21,user328@demo.io,https://example.com/u/328,csv,35.6,日常验收样例第 328 行，用于排序/过滤/查找
329,王敏,运营,广州,cancelled,P2,80571.98,224,true,2020-02-13,user329@demo.io,https://example.com/u/329,"export,sort",25.1,日常验收样例第 329 行，用于排序/过滤/查找
330,张秀英勇,客服,杭州,cancelled,P1,54407.69,165,false,2021-07-17,user330@demo.io,https://example.com/u/330,"sort,filter,bug",44.9,日常验收样例第 330 行，用于排序/过滤/查找
331,朱艳超,工程,苏州,blocked,P1,88304.94,317,false,2024-05-08,user331@demo.io,https://example.com/u/331,export,72.1,日常验收样例第 331 行，用于排序/过滤/查找
332,徐涛,客服,苏州,processing,P2,32327.74,328,false,2020-08-14,user332@example.com,https://example.com/u/332,"filter,csv,sort",17.9,日常验收样例第 332 行，用于排序/过滤/查找
333,张磊,运营,上海,open,P3,65826.33,269,false,2020-04-10,user333@test.cn,https://example.com/u/333,bug,71.8,日常验收样例第 333 行，用于排序/过滤/查找
334,张磊娜,客服,北京,done,P3,82220.44,406,true,2024-08-13,user334@demo.io,https://example.com/u/334,"perf,csv",73.4,日常验收样例第 334 行，用于排序/过滤/查找
335,朱勇,运营,苏州,open,P0,72544.67,272,false,2021-01-23,user335@example.com,https://example.com/u/335,"search,sort,edit",74.6,日常验收样例第 335 行，用于排序/过滤/查找
336,马杰明,产品,深圳,processing,P3,50518.8,336,true,2022-12-29,user336@demo.io,https://example.com/u/336,"export,bug",55.0,日常验收样例第 336 行，用于排序/过滤/查找
337,杨杰,人力,广州,cancelled,P1,56358.15,109,false,2024-04-17,user337@demo.io,https://example.com/u/337,"chunk,export,ux",44.7,日常验收样例第 337 行，用于排序/过滤/查找
338,赵伟勇,工程,苏州,processing,P2,756.23,113,true,2024-10-18,user338@test.cn,https://example.com/u/338,chunk,91.9,
339,周静,客服,广州,processing,P1,26572.32,455,true,2021-04-22,user339@test.cn,https://example.com/u/339,"filter,edit",56.9,日常验收样例第 339 行，用于排序/过滤/查找
340,刘娜秀英,设计,西安,cancelled,P0,59563.59,153,true,2024-02-05,user340@demo.io,https://example.com/u/340,"filter,csv",92.2,"含逗号, 引号""""与换行
第340行备注"
341,,人力,上海,processing,P0,63425.32,323,false,2020-04-20,user341@test.cn,https://example.com/u/341,"csv,export,sort",32.7,日常验收样例第 341 行，用于排序/过滤/查找
342,孙洋,人力,西安,cancelled,P0,22286.35,148,false,2020-10-30,user342@example.com,https://example.com/u/342,"filter,ux",57.1,日常验收样例第 342 行，用于排序/过滤/查找
343,张涛,人力,苏州,blocked,P1,76227.08,246,true,2022-09-26,user343@test.cn,https://example.com/u/343,"bug,search,perf",24.2,日常验收样例第 343 行，用于排序/过滤/查找
344,陈明,产品,上海,blocked,P3,36590.23,97,false,2021-12-06,user344@demo.io,https://example.com/u/344,"csv,chunk,sort",98.8,日常验收样例第 344 行，用于排序/过滤/查找
345,吴超超,工程,杭州,processing,P2,,372,true,2020-08-18,user345@demo.io,https://example.com/u/345,search,94.9,日常验收样例第 345 行，用于排序/过滤/查找
346,胡静勇,工程,广州,open,P2,45061.15,11,false,2021-03-04,user346@demo.io,https://example.com/u/346,"search,bug,chunk",54.9,日常验收样例第 346 行，用于排序/过滤/查找
347,吴静伟,人力,南京,cancelled,P0,25620.09,30,false,2021-02-15,user347@demo.io,https://example.com/u/347,"chunk,csv,ux",65.5,日常验收样例第 347 行，用于排序/过滤/查找
348,张娜,市场,,open,P0,29320.31,452,false,2021-04-18,user348@test.cn,https://example.com/u/348,"filter,export,ux",86.7,日常验收样例第 348 行，用于排序/过滤/查找
349,周娜,客服,苏州,open,P0,24814.47,271,false,2021-11-14,user349@test.cn,https://example.com/u/349,"sort,csv",34.7,日常验收样例第 349 行，用于排序/过滤/查找
350,杨杰洋,市场,北京,done,P3,89051.16,417,true,2025-04-17,user350@demo.io,https://example.com/u/350,"search,sort",34.2,日常验收样例第 350 行，用于排序/过滤/查找
351,赵静,人力,苏州,cancelled,P1,41791.6,293,true,2022-05-23,user351@test.cn,https://example.com/u/351,"export,ux,sort",20.7,
352,王磊勇,设计,武汉,processing,P1,31817.87,285,true,2021-01-12,user352@test.cn,https://example.com/u/352,csv,76.5,日常验收样例第 352 行，用于排序/过滤/查找
353,胡明勇,客服,成都,processing,P1,10766.47,94,true,2024-04-10,user353@demo.io,https://example.com/u/353,"chunk,search,perf",23.1,日常验收样例第 353 行，用于排序/过滤/查找
354,张杰,客服,深圳,cancelled,P3,71230.7,191,true,2024-10-11,user354@test.cn,https://example.com/u/354,"ux,sort",16.4,日常验收样例第 354 行，用于排序/过滤/查找
355,刘芳,工程,成都,blocked,P1,74262.42,103,true,2020-05-15,user355@example.com,https://example.com/u/355,"bug,ux",68.8,日常验收样例第 355 行，用于排序/过滤/查找
356,朱超明,人力,北京,cancelled,P3,72048.06,201,true,2022-12-02,user356@example.com,https://example.com/u/356,"ux,csv",87.8,日常验收样例第 356 行，用于排序/过滤/查找
357,刘丽芳,人力,苏州,open,P1,29188.82,203,false,2024-05-03,user357@test.cn,https://example.com/u/357,"sort,edit",29.4,emoji 测试 🚀 行=357
358,胡芳静,客服,西安,open,P0,18059.16,299,true,2022-03-16,user358@test.cn,https://example.com/u/358,"ux,csv",17.9,日常验收样例第 358 行，用于排序/过滤/查找
359,吴磊娜,市场,广州,processing,P0,9210.0,361,false,2023-07-22,user359@test.cn,https://example.com/u/359,perf,70.7,日常验收样例第 359 行，用于排序/过滤/查找
360,孙丽强,人力,苏州,blocked,P0,76849.2,467,false,2023-03-04,user360@demo.io,https://example.com/u/360,sort,86.9,"含逗号, 引号""""与换行
第360行备注"
361,王芳,市场,西安,done,P1,11843.64,67,true,2020-01-08,user361@demo.io,https://example.com/u/361,"csv,ux",49.8,日常验收样例第 361 行，用于排序/过滤/查找
362,黄伟秀英,运营,杭州,cancelled,P3,45428.47,226,true,2023-05-16,user362@demo.io,https://example.com/u/362,search,88.2,日常验收样例第 362 行，用于排序/过滤/查找
363,陈磊,设计,北京,done,P0,14622.9,16,false,2021-11-09,user363@example.com,https://example.com/u/363,filter,41.7,日常验收样例第 363 行，用于排序/过滤/查找
364,王强强,客服,南京,done,P0,9403.32,153,false,2022-01-24,user364@test.cn,https://example.com/u/364,edit,84.3,
365,李勇,产品,成都,done,P3,52512.15,356,true,2023-06-07,user365@example.com,https://example.com/u/365,bug,73.0,日常验收样例第 365 行，用于排序/过滤/查找
366,徐丽秀英,市场,武汉,cancelled,P2,26040.04,294,false,2025-03-13,user366@example.com,https://example.com/u/366,"bug,ux,perf",49.3,日常验收样例第 366 行，用于排序/过滤/查找
367,王洋磊,工程,上海,open,P3,62583.52,60,true,2024-06-25,user367@demo.io,https://example.com/u/367,"edit,csv",33.4,日常验收样例第 367 行，用于排序/过滤/查找
368,周磊,运营,成都,done,P0,,259,false,2024-04-19,user368@example.com,https://example.com/u/368,export,34.1,日常验收样例第 368 行，用于排序/过滤/查找
369,孙伟磊,财务,广州,blocked,P3,79745.7,330,true,2022-09-13,user369@example.com,https://example.com/u/369,"ux,perf,export",46.2,日常验收样例第 369 行，用于排序/过滤/查找
370,朱明芳,市场,南京,done,P0,20905.42,350,false,2024-06-25,user370@test.cn,https://example.com/u/370,sort,28.0,日常验收样例第 370 行，用于排序/过滤/查找
371,张军强,人力,深圳,cancelled,P0,86472.9,384,false,2023-12-15,user371@test.cn,https://example.com/u/371,"csv,chunk,edit",8.7,日常验收样例第 371 行，用于排序/过滤/查找
372,,市场,杭州,cancelled,P2,17583.77,191,true,2024-05-11,user372@example.com,https://example.com/u/372,ux,50.6,日常验收样例第 372 行，用于排序/过滤/查找
373,马秀英静,运营,广州,blocked,P2,77575.76,73,true,2024-08-10,user373@demo.io,https://example.com/u/373,"sort,search,csv",45.9,日常验收样例第 373 行，用于排序/过滤/查找
374,孙丽,市场,北京,cancelled,P0,33395.64,455,true,2020-07-30,user374@demo.io,https://example.com/u/374,"chunk,csv,bug",63.9,emoji 测试 🚀 行=374
375,刘军,市场,成都,cancelled,P2,77301.42,343,true,2021-07-12,user375@example.com,https://example.com/u/375,chunk,11.4,日常验收样例第 375 行，用于排序/过滤/查找
376,吴丽,财务,苏州,done,P2,14241.53,360,false,2023-03-21,user376@example.com,https://example.com/u/376,filter,31.1,日常验收样例第 376 行，用于排序/过滤/查找
377,胡军芳,设计,,blocked,P0,10682.1,27,true,2022-05-23,user377@test.cn,https://example.com/u/377,bug,89.1,
378,徐超勇,财务,杭州,cancelled,P0,97370.81,386,false,2023-03-08,user378@example.com,https://example.com/u/378,ux,9.7,日常验收样例第 378 行，用于排序/过滤/查找
379,陈超,运营,深圳,cancelled,P2,91294.87,200,true,2023-12-03,user379@demo.io,https://example.com/u/379,"export,ux",48.8,日常验收样例第 379 行，用于排序/过滤/查找
380,李秀英,客服,西安,processing,P2,76817.35,309,true,2022-11-06,user380@example.com,https://example.com/u/380,"filter,export",55.6,"含逗号, 引号""""与换行
第380行备注"
381,李勇涛,人力,杭州,cancelled,P1,54840.1,498,false,2022-02-25,user381@example.com,https://example.com/u/381,"search,edit",78.4,日常验收样例第 381 行，用于排序/过滤/查找
382,赵军洋,设计,上海,cancelled,P3,11520.85,305,false,2021-10-28,user382@demo.io,https://example.com/u/382,ux,17.6,日常验收样例第 382 行，用于排序/过滤/查找
383,赵娜涛,财务,西安,open,P0,21839.41,71,true,2024-03-30,user383@example.com,https://example.com/u/383,"sort,ux,chunk",39.0,日常验收样例第 383 行，用于排序/过滤/查找
384,吴超,财务,成都,cancelled,P2,91858.3,479,false,2024-01-10,user384@test.cn,https://example.com/u/384,bug,0.8,日常验收样例第 384 行，用于排序/过滤/查找
385,周涛勇,工程,广州,cancelled,P0,184.25,286,false,2020-08-12,user385@test.cn,https://example.com/u/385,search,43.2,日常验收样例第 385 行，用于排序/过滤/查找
386,吴涛涛,人力,武汉,blocked,P1,66282.5,243,true,2021-01-20,user386@demo.io,https://example.com/u/386,"export,edit",15.4,日常验收样例第 386 行，用于排序/过滤/查找
387,朱静,产品,北京,processing,P3,65826.87,499,true,2020-06-22,user387@example.com,https://example.com/u/387,"edit,ux,bug",62.3,日常验收样例第 387 行，用于排序/过滤/查找
388,黄丽,客服,武汉,done,P1,18660.52,309,true,2023-03-29,user388@test.cn,https://example.com/u/388,"search,perf,chunk",41.1,日常验收样例第 388 行，用于排序/过滤/查找
389,周杰,工程,南京,blocked,P2,11405.12,246,true,2020-10-17,user389@demo.io,https://example.com/u/389,"perf,chunk,ux",51.7,日常验收样例第 389 行，用于排序/过滤/查找
390,周娜,产品,苏州,cancelled,P2,61342.6,462,false,2022-12-31,user390@example.com,https://example.com/u/390,"ux,perf",90.6,
391,吴军,市场,成都,processing,P0,,305,false,2024-01-28,user391@demo.io,https://example.com/u/391,"csv,ux",57.8,emoji 测试 🚀 行=391
392,吴芳勇,工程,成都,blocked,P0,12769.45,39,false,2021-05-31,user392@example.com,https://example.com/u/392,"chunk,bug,perf",1.4,日常验收样例第 392 行，用于排序/过滤/查找
393,李强静,客服,广州,processing,P2,78274.51,120,false,2021-01-05,user393@demo.io,https://example.com/u/393,export,98.4,日常验收样例第 393 行，用于排序/过滤/查找
394,王静明,人力,杭州,blocked,P1,21164.59,375,false,2020-04-21,user394@demo.io,https://example.com/u/394,"filter,csv",16.8,日常验收样例第 394 行，用于排序/过滤/查找
395,赵秀英,运营,武汉,blocked,P3,26336.25,271,false,2020-01-25,user395@test.cn,https://example.com/u/395,"edit,export",96.2,日常验收样例第 395 行，用于排序/过滤/查找
396,徐芳,财务,武汉,cancelled,P2,33563.24,136,true,2021-06-06,user396@demo.io,https://example.com/u/396,"edit,ux,search",73.4,日常验收样例第 396 行，用于排序/过滤/查找
397,吴磊强,财务,苏州,open,P0,83185.77,6,false,2020-07-19,user397@demo.io,https://example.com/u/397,ux,35.2,日常验收样例第 397 行，用于排序/过滤/查找
398,孙勇,工程,北京,cancelled,P0,5782.5,304,true,2025-04-30,user398@demo.io,https://example.com/u/398,"filter,bug,perf",85.6,日常验收样例第 398 行，用于排序/过滤/查找
399,王涛强,产品,深圳,done,P2,46748.86,479,true,2023-08-01,user399@test.cn,https://example.com/u/399,"edit,export",25.7,日常验收样例第 399 行，用于排序/过滤/查找
400,马娜,工程,武汉,blocked,P2,99596.25,132,false,2020-12-30,user400@test.cn,https://example.com/u/400,ux,97.9,"含逗号, 引号""""与换行
第400行备注"
401,测试-全局搜索关键词,工程,北京,open,P0,1.23,1,true,2026-07-01,findme@example.com,https://example.com/findme,"search,filter",99.9,UNIQUE_FIND_TOKEN_ALPHA
402,列过滤-财务高优,财务,上海,blocked,P0,88888.88,0,false,2025-12-31,finance@example.com,https://example.com/finance,"export,bug",12.5,FILTER_DEPT_FINANCE_P0
403,"带逗号,名字",产品,深圳,processing,P1,5200.5,42,true,2024-02-29,comma@example.com,https://example.com/comma,"csv,edit",66.6,"He said ""hello, world"""
